"Label (Grouping)","Allegan County, Michigan!!Number!!Estimate","Allegan County, Michigan!!Number!!Margin of Error","Allegan County, Michigan!!Percent Distribution!!Estimate","Allegan County, Michigan!!Percent Distribution!!Margin of Error","Allegan County, Michigan!!Mean income (dollars)!!Estimate","Allegan County, Michigan!!Mean income (dollars)!!Margin of Error","Bay County, Michigan!!Number!!Estimate","Bay County, Michigan!!Number!!Margin of Error","Bay County, Michigan!!Percent Distribution!!Estimate","Bay County, Michigan!!Percent Distribution!!Margin of Error","Bay County, Michigan!!Mean income (dollars)!!Estimate","Bay County, Michigan!!Mean income (dollars)!!Margin of Error","Berrien County, Michigan!!Number!!Estimate","Berrien County, Michigan!!Number!!Margin of Error","Berrien County, Michigan!!Percent Distribution!!Estimate","Berrien County, Michigan!!Percent Distribution!!Margin of Error","Berrien County, Michigan!!Mean income (dollars)!!Estimate","Berrien County, Michigan!!Mean income (dollars)!!Margin of Error","Calhoun County, Michigan!!Number!!Estimate","Calhoun County, Michigan!!Number!!Margin of Error","Calhoun County, Michigan!!Percent Distribution!!Estimate","Calhoun County, Michigan!!Percent Distribution!!Margin of Error","Calhoun County, Michigan!!Mean income (dollars)!!Estimate","Calhoun County, Michigan!!Mean income (dollars)!!Margin of Error","Clinton County, Michigan!!Number!!Estimate","Clinton County, Michigan!!Number!!Margin of Error","Clinton County, Michigan!!Percent Distribution!!Estimate","Clinton County, Michigan!!Percent Distribution!!Margin of Error","Clinton County, Michigan!!Mean income (dollars)!!Estimate","Clinton County, Michigan!!Mean income (dollars)!!Margin of Error","Eaton County, Michigan!!Number!!Estimate","Eaton County, Michigan!!Number!!Margin of Error","Eaton County, Michigan!!Percent Distribution!!Estimate","Eaton County, Michigan!!Percent Distribution!!Margin of Error","Eaton County, Michigan!!Mean income (dollars)!!Estimate","Eaton County, Michigan!!Mean income (dollars)!!Margin of Error","Genesee County, Michigan!!Number!!Estimate","Genesee County, Michigan!!Number!!Margin of Error","Genesee County, Michigan!!Percent Distribution!!Estimate","Genesee County, Michigan!!Percent Distribution!!Margin of Error","Genesee County, Michigan!!Mean income (dollars)!!Estimate","Genesee County, Michigan!!Mean income (dollars)!!Margin of Error","Grand Traverse County, Michigan!!Number!!Estimate","Grand Traverse County, Michigan!!Number!!Margin of Error","Grand Traverse County, Michigan!!Percent Distribution!!Estimate","Grand Traverse County, Michigan!!Percent Distribution!!Margin of Error","Grand Traverse County, Michigan!!Mean income (dollars)!!Estimate","Grand Traverse County, Michigan!!Mean income (dollars)!!Margin of Error","Ingham County, Michigan!!Number!!Estimate","Ingham County, Michigan!!Number!!Margin of Error","Ingham County, Michigan!!Percent Distribution!!Estimate","Ingham County, Michigan!!Percent Distribution!!Margin of Error","Ingham County, Michigan!!Mean income (dollars)!!Estimate","Ingham County, Michigan!!Mean income (dollars)!!Margin of Error","Ionia County, Michigan!!Number!!Estimate","Ionia County, Michigan!!Number!!Margin of Error","Ionia County, Michigan!!Percent Distribution!!Estimate","Ionia County, Michigan!!Percent Distribution!!Margin of Error","Ionia County, Michigan!!Mean income (dollars)!!Estimate","Ionia County, Michigan!!Mean income (dollars)!!Margin of Error","Jackson County, Michigan!!Number!!Estimate","Jackson County, Michigan!!Number!!Margin of Error","Jackson County, Michigan!!Percent Distribution!!Estimate","Jackson County, Michigan!!Percent Distribution!!Margin of Error","Jackson County, Michigan!!Mean income (dollars)!!Estimate","Jackson County, Michigan!!Mean income (dollars)!!Margin of Error","Kalamazoo County, Michigan!!Number!!Estimate","Kalamazoo County, Michigan!!Number!!Margin of Error","Kalamazoo County, Michigan!!Percent Distribution!!Estimate","Kalamazoo County, Michigan!!Percent Distribution!!Margin of Error","Kalamazoo County, Michigan!!Mean income (dollars)!!Estimate","Kalamazoo County, Michigan!!Mean income (dollars)!!Margin of Error","Kent County, Michigan!!Number!!Estimate","Kent County, Michigan!!Number!!Margin of Error","Kent County, Michigan!!Percent Distribution!!Estimate","Kent County, Michigan!!Percent Distribution!!Margin of Error","Kent County, Michigan!!Mean income (dollars)!!Estimate","Kent County, Michigan!!Mean income (dollars)!!Margin of Error","Lapeer County, Michigan!!Number!!Estimate","Lapeer County, Michigan!!Number!!Margin of Error","Lapeer County, Michigan!!Percent Distribution!!Estimate","Lapeer County, Michigan!!Percent Distribution!!Margin of Error","Lapeer County, Michigan!!Mean income (dollars)!!Estimate","Lapeer County, Michigan!!Mean income (dollars)!!Margin of Error","Lenawee County, Michigan!!Number!!Estimate","Lenawee County, Michigan!!Number!!Margin of Error","Lenawee County, Michigan!!Percent Distribution!!Estimate","Lenawee County, Michigan!!Percent Distribution!!Margin of Error","Lenawee County, Michigan!!Mean income (dollars)!!Estimate","Lenawee County, Michigan!!Mean income (dollars)!!Margin of Error","Livingston County, Michigan!!Number!!Estimate","Livingston County, Michigan!!Number!!Margin of Error","Livingston County, Michigan!!Percent Distribution!!Estimate","Livingston County, Michigan!!Percent Distribution!!Margin of Error","Livingston County, Michigan!!Mean income (dollars)!!Estimate","Livingston County, Michigan!!Mean income (dollars)!!Margin of Error","Macomb County, Michigan!!Number!!Estimate","Macomb County, Michigan!!Number!!Margin of Error","Macomb County, Michigan!!Percent Distribution!!Estimate","Macomb County, Michigan!!Percent Distribution!!Margin of Error","Macomb County, Michigan!!Mean income (dollars)!!Estimate","Macomb County, Michigan!!Mean income (dollars)!!Margin of Error","Marquette County, Michigan!!Number!!Estimate","Marquette County, Michigan!!Number!!Margin of Error","Marquette County, Michigan!!Percent Distribution!!Estimate","Marquette County, Michigan!!Percent Distribution!!Margin of Error","Marquette County, Michigan!!Mean income (dollars)!!Estimate","Marquette County, Michigan!!Mean income (dollars)!!Margin of Error","Midland County, Michigan!!Number!!Estimate","Midland County, Michigan!!Number!!Margin of Error","Midland County, Michigan!!Percent Distribution!!Estimate","Midland County, Michigan!!Percent Distribution!!Margin of Error","Midland County, Michigan!!Mean income (dollars)!!Estimate","Midland County, Michigan!!Mean income (dollars)!!Margin of Error","Monroe County, Michigan!!Number!!Estimate","Monroe County, Michigan!!Number!!Margin of Error","Monroe County, Michigan!!Percent Distribution!!Estimate","Monroe County, Michigan!!Percent Distribution!!Margin of Error","Monroe County, Michigan!!Mean income (dollars)!!Estimate","Monroe County, Michigan!!Mean income (dollars)!!Margin of Error","Montcalm County, Michigan!!Number!!Estimate","Montcalm County, Michigan!!Number!!Margin of Error","Montcalm County, Michigan!!Percent Distribution!!Estimate","Montcalm County, Michigan!!Percent Distribution!!Margin of Error","Montcalm County, Michigan!!Mean income (dollars)!!Estimate","Montcalm County, Michigan!!Mean income (dollars)!!Margin of Error","Muskegon County, Michigan!!Number!!Estimate","Muskegon County, Michigan!!Number!!Margin of Error","Muskegon County, Michigan!!Percent Distribution!!Estimate","Muskegon County, Michigan!!Percent Distribution!!Margin of Error","Muskegon County, Michigan!!Mean income (dollars)!!Estimate","Muskegon County, Michigan!!Mean income (dollars)!!Margin of Error","Oakland County, Michigan!!Number!!Estimate","Oakland County, Michigan!!Number!!Margin of Error","Oakland County, Michigan!!Percent Distribution!!Estimate","Oakland County, Michigan!!Percent Distribution!!Margin of Error","Oakland County, Michigan!!Mean income (dollars)!!Estimate","Oakland County, Michigan!!Mean income (dollars)!!Margin of Error","Ottawa County, Michigan!!Number!!Estimate","Ottawa County, Michigan!!Number!!Margin of Error","Ottawa County, Michigan!!Percent Distribution!!Estimate","Ottawa County, Michigan!!Percent Distribution!!Margin of Error","Ottawa County, Michigan!!Mean income (dollars)!!Estimate","Ottawa County, Michigan!!Mean income (dollars)!!Margin of Error","Saginaw County, Michigan!!Number!!Estimate","Saginaw County, Michigan!!Number!!Margin of Error","Saginaw County, Michigan!!Percent Distribution!!Estimate","Saginaw County, Michigan!!Percent Distribution!!Margin of Error","Saginaw County, Michigan!!Mean income (dollars)!!Estimate","Saginaw County, Michigan!!Mean income (dollars)!!Margin of Error","St. Clair County, Michigan!!Number!!Estimate","St. Clair County, Michigan!!Number!!Margin of Error","St. Clair County, Michigan!!Percent Distribution!!Estimate","St. Clair County, Michigan!!Percent Distribution!!Margin of Error","St. Clair County, Michigan!!Mean income (dollars)!!Estimate","St. Clair County, Michigan!!Mean income (dollars)!!Margin of Error","Shiawassee County, Michigan!!Number!!Estimate","Shiawassee County, Michigan!!Number!!Margin of Error","Shiawassee County, Michigan!!Percent Distribution!!Estimate","Shiawassee County, Michigan!!Percent Distribution!!Margin of Error","Shiawassee County, Michigan!!Mean income (dollars)!!Estimate","Shiawassee County, Michigan!!Mean income (dollars)!!Margin of Error","Van Buren County, Michigan!!Number!!Estimate","Van Buren County, Michigan!!Number!!Margin of Error","Van Buren County, Michigan!!Percent Distribution!!Estimate","Van Buren County, Michigan!!Percent Distribution!!Margin of Error","Van Buren County, Michigan!!Mean income (dollars)!!Estimate","Van Buren County, Michigan!!Mean income (dollars)!!Margin of Error","Washtenaw County, Michigan!!Number!!Estimate","Washtenaw County, Michigan!!Number!!Margin of Error","Washtenaw County, Michigan!!Percent Distribution!!Estimate","Washtenaw County, Michigan!!Percent Distribution!!Margin of Error","Washtenaw County, Michigan!!Mean income (dollars)!!Estimate","Washtenaw County, Michigan!!Mean income (dollars)!!Margin of Error","Wayne County, Michigan!!Number!!Estimate","Wayne County, Michigan!!Number!!Margin of Error","Wayne County, Michigan!!Percent Distribution!!Estimate","Wayne County, Michigan!!Percent Distribution!!Margin of Error","Wayne County, Michigan!!Mean income (dollars)!!Estimate","Wayne County, Michigan!!Mean income (dollars)!!Margin of Error"
"HOUSEHOLD INCOME","","","","","","","","","","","","","","","","","","","","","","","","","","","","","","","","","","","","","","","","","","","","","","","","","","","","","","","","","","","","","","","","","","","","","","","","","","","","","","","","","","","","","","","","","","","","","","","","","","","","","","","","","","","","","","","","","","","","","","","","","","","","","","","","","","","","","","","","","","","","","","","","","","","","","","","","","","","","","","","","","","","","","","","","","","","","","","","","","","","",""
"    All households","44,479","±1,290","44,479","±1,290","90,649","±5,805","45,487","±1,115","45,487","±1,115","72,169","±7,389","65,764","±1,784","65,764","±1,784","87,333","±5,526","53,482","±1,180","53,482","±1,180","76,280","±5,955","30,952","±692","30,952","±692","94,897","±6,850","45,137","±944","45,137","±944","85,688","±4,304","167,895","±2,057","167,895","±2,057","71,368","±2,905","40,083","±1,465","40,083","±1,465","84,905","±6,964","115,752","±1,768","115,752","±1,768","79,227","±4,235","23,531","±595","23,531","±595","72,713","±4,643","61,937","±1,749","61,937","±1,749","79,632","±5,336","105,642","±2,484","105,642","±2,484","78,917","±2,744","253,092","±2,635","253,092","±2,635","93,778","±3,063","34,447","±857","34,447","±857","84,267","±5,179","38,963","±1,037","38,963","±1,037","75,813","±5,126","75,370","±1,117","75,370","±1,117","113,328","±5,727","358,011","±2,226","358,011","±2,226","86,134","±2,235","27,290","±932","27,290","±932","69,006","±4,872","35,453","±601","35,453","±601","90,855","±6,249","61,574","±1,323","61,574","±1,323","82,402","±4,655","23,745","±954","23,745","±954","66,064","±4,023","67,707","±1,344","67,707","±1,344","70,864","±3,511","530,383","±3,015","530,383","±3,015","117,758","±2,239","110,045","±1,869","110,045","±1,869","101,782","±6,698","80,146","±1,632","80,146","±1,632","65,763","±2,990","66,324","±1,381","66,324","±1,381","77,610","±4,001","28,226","±795","28,226","±795","67,420","±3,777","28,457","±1,370","28,457","±1,370","73,588","±4,293","149,133","±2,646","149,133","±2,646","110,643","±4,071","695,038","±4,718","695,038","±4,718","76,508","±1,535"
"        With earnings","35,314","±1,546","79.4%","±2.4","87,760","±6,781","30,412","±1,488","66.9%","±2.8","76,445","±10,810","47,476","±2,103","72.2%","±2.3","84,688","±5,768","38,729","±1,762","72.4%","±2.5","78,083","±7,713","23,162","±991","74.8%","±2.3","95,438","±8,490","34,249","±1,430","75.9%","±2.6","81,527","±5,128","113,949","±3,026","67.9%","±1.7","73,404","±4,075","29,489","±1,802","73.6%","±3.0","80,204","±7,373","88,824","±2,431","76.7%","±1.8","78,326","±4,471","16,631","±822","70.7%","±3.0","75,184","±5,711","45,701","±1,996","73.8%","±2.2","79,672","±6,211","80,907","±3,041","76.6%","±1.9","78,005","±3,028","201,975","±3,511","79.8%","±1.2","93,921","±3,062","24,346","±1,329","70.7%","±3.3","87,591","±5,524","27,843","±1,176","71.5%","±2.7","73,690","±5,488","57,931","±1,267","76.9%","±1.2","111,744","±4,211","272,881","±3,846","76.2%","±0.9","86,557","±2,657","19,350","±1,197","70.9%","±3.0","66,169","±5,728","25,387","±946","71.6%","±2.5","91,559","±8,282","42,777","±1,613","69.5%","±2.1","83,815","±4,209","16,662","±1,138","70.2%","±3.5","69,554","±4,850","48,222","±1,942","71.2%","±2.2","70,955","±4,308","417,470","±4,524","78.7%","±0.6","120,292","±2,489","87,679","±2,687","79.7%","±1.7","102,100","±7,807","52,795","±2,400","65.9%","±2.4","70,364","±4,129","48,294","±1,783","72.8%","±1.9","78,712","±4,849","19,766","±930","70.0%","±2.7","68,081","±4,299","20,273","±1,626","71.2%","±3.6","76,771","±5,132","121,370","±3,109","81.4%","±1.3","106,990","±4,509","498,419","±5,898","71.7%","±0.7","79,778","±1,611"
"            With wages or salary income","34,325","±1,541","77.2%","±2.4","81,475","±4,724","29,029","±1,445","63.8%","±2.8","76,693","±11,408","45,659","±2,032","69.4%","±2.3","81,335","±5,064","37,885","±1,797","70.8%","±2.5","77,578","±7,635","22,290","±1,027","72.0%","±2.6","92,981","±8,286","33,007","±1,495","73.1%","±2.8","79,822","±5,207","108,988","±3,195","64.9%","±1.7","72,420","±4,072","28,009","±1,781","69.9%","±2.9","78,553","±7,752","87,241","±2,470","75.4%","±1.9","76,755","±3,682","16,001","±847","68.0%","±3.2","73,543","±5,411","44,327","±2,106","71.6%","±2.5","78,984","±6,142","77,901","±3,115","73.7%","±2.0","75,901","±3,166","197,381","±3,717","78.0%","±1.2","91,395","±2,890","23,951","±1,316","69.5%","±3.3","84,117","±5,364","27,461","±1,185","70.5%","±2.8","72,298","±5,503","56,146","±1,425","74.5%","±1.4","110,843","±4,321","266,327","±4,073","74.4%","±1.0","85,171","±2,711","19,110","±1,203","70.0%","±3.0","64,015","±5,432","24,599","±981","69.4%","±2.7","91,195","±8,183","41,723","±1,570","67.8%","±2.1","83,459","±4,387","16,016","±1,188","67.4%","±3.6","67,201","±4,434","47,691","±1,909","70.4%","±2.2","69,120","±4,114","404,512","±4,512","76.3%","±0.7","117,158","±2,332","85,434","±2,644","77.6%","±1.6","97,020","±6,460","50,827","±2,514","63.4%","±2.6","70,173","±4,269","46,804","±1,853","70.6%","±2.0","75,456","±3,797","19,004","±988","67.3%","±3.1","68,009","±4,409","19,810","±1,598","69.6%","±3.6","75,542","±5,191","116,825","±2,953","78.3%","±1.3","103,883","±4,334","480,228","±6,151","69.1%","±0.8","79,173","±1,561"
"            With self-employment income","4,770","±1,094","10.7%","±2.4","63,429","±40,178","3,858","±931","8.5%","±2.1","25,537","±5,781","5,948","±939","9.0%","±1.4","51,607","±19,539","3,212","±736","6.0%","±1.4","26,466","±8,873","3,195","±834","10.3%","±2.7","43,192","±12,455","3,806","±712","8.4%","±1.6","41,393","±11,961","15,691","±1,931","9.3%","±1.2","30,043","±8,373","5,884","±1,204","14.7%","±3.0","28,036","±6,792","9,087","±1,313","7.9%","±1.1","28,727","±10,552","2,122","±501","9.0%","±2.1","34,699","±9,277","5,468","±1,156","8.8%","±1.8","25,598","±5,993","10,552","±1,747","10.0%","±1.7","37,755","±10,545","27,061","±2,813","10.7%","±1.1","34,373","±7,274","3,378","±908","9.8%","±2.6","34,874","±11,021","3,166","±838","8.1%","±2.2","20,963","±6,153","8,199","±1,226","10.9%","±1.6","30,497","±5,768","29,590","±2,695","8.3%","±0.8","31,647","±4,347","2,267","±711","8.3%","±2.7","25,167","±6,834","2,973","±675","8.4%","±1.9","27,279","±10,442","3,755","±826","6.1%","±1.3","27,483","±6,380","2,291","±510","9.6%","±2.1","36,064","±12,005","5,144","±1,139","7.6%","±1.7","24,338","±7,547","55,066","±4,052","10.4%","±0.8","51,333","±7,193","12,946","±1,616","11.8%","±1.5","51,225","±21,082","6,446","±1,278","8.0%","±1.6","22,996","±6,682","5,631","±1,076","8.5%","±1.6","47,893","±26,340","2,440","±631","8.6%","±2.2","21,822","±7,332","3,122","±848","11.0%","±2.9","19,185","±4,756","20,179","±2,020","13.5%","±1.3","42,084","±9,705","56,882","±3,392","8.2%","±0.5","30,618","±4,121"
"        With interest, dividends, or net rental income","8,542","±1,138","19.2%","±2.6","20,487","±6,902","9,006","±1,304","19.8%","±2.9","7,608","±2,387","12,506","±1,322","19.0%","±2.0","36,281","±13,358","7,635","±1,050","14.3%","±1.9","16,934","±8,979","6,224","±772","20.1%","±2.5","15,089","±10,658","7,611","±915","16.9%","±2.0","18,991","±10,711","23,819","±2,008","14.2%","±1.2","16,760","±4,558","9,423","±1,312","23.5%","±3.1","19,850","±8,037","20,570","±1,833","17.8%","±1.6","19,613","±7,270","3,319","±661","14.1%","±2.8","13,905","±7,105","10,875","±1,308","17.6%","±2.2","16,060","±7,747","21,121","±1,907","20.0%","±1.8","9,892","±2,504","46,374","±2,561","18.3%","±1.0","22,122","±5,394","5,967","±914","17.3%","±2.7","21,766","±16,310","7,056","±971","18.1%","±2.4","15,571","±8,674","14,699","±1,250","19.5%","±1.7","31,936","±14,396","57,026","±3,101","15.9%","±0.9","20,333","±5,641","5,605","±881","20.5%","±3.3","10,171","±2,982","8,872","±1,028","25.0%","±2.9","15,821","±5,720","9,625","±1,346","15.6%","±2.2","16,815","±5,499","3,094","±548","13.0%","±2.2","8,878","±3,876","9,527","±1,287","14.1%","±1.9","24,462","±8,896","122,553","±4,193","23.1%","±0.8","22,298","±2,249","24,867","±2,164","22.6%","±2.1","19,585","±4,817","11,244","±1,503","14.0%","±1.9","11,265","±4,769","12,002","±1,147","18.1%","±1.7","11,413","±3,620","3,297","±657","11.7%","±2.3","15,181","±7,981","5,255","±863","18.5%","±3.0","11,837","±7,064","38,146","±2,032","25.6%","±1.3","20,059","±3,991","91,933","±3,610","13.2%","±0.5","21,327","±5,405"
"        With Social Security income","16,175","±1,014","36.4%","±2.2","23,826","±1,637","19,066","±1,340","41.9%","±2.8","19,930","±1,262","24,758","±1,361","37.6%","±2.1","21,784","±1,112","19,067","±1,194","35.7%","±2.3","20,943","±1,028","10,266","±722","33.2%","±2.4","24,951","±1,840","16,999","±984","37.7%","±2.1","22,295","±1,052","65,440","±2,461","39.0%","±1.4","21,322","±669","15,804","±1,084","39.4%","±2.7","22,794","±1,611","31,708","±1,729","27.4%","±1.4","21,847","±1,003","8,411","±583","35.7%","±2.4","22,649","±2,002","22,997","±1,433","37.1%","±2.4","20,956","±1,329","31,036","±1,419","29.4%","±1.4","23,591","±976","70,611","±2,717","27.9%","±1.0","22,625","±696","12,490","±900","36.3%","±2.6","23,347","±1,353","14,072","±869","36.1%","±2.1","23,577","±1,188","25,930","±1,081","34.4%","±1.3","24,524","±931","123,292","±2,729","34.4%","±0.7","21,911","±449","10,834","±739","39.7%","±2.6","19,849","±1,381","12,794","±826","36.1%","±2.2","22,795","±1,619","23,356","±1,206","37.9%","±2.0","22,933","±1,334","9,324","±731","39.3%","±2.9","20,189","±1,484","26,065","±1,183","38.5%","±1.7","21,843","±892","157,090","±3,486","29.6%","±0.6","23,565","±501","32,115","±1,876","29.2%","±1.8","24,455","±1,229","29,820","±1,809","37.2%","±2.3","21,307","±1,091","23,966","±1,174","36.1%","±1.9","22,714","±851","10,038","±764","35.6%","±2.6","22,473","±1,270","10,555","±878","37.1%","±3.4","21,691","±1,501","40,421","±1,722","27.1%","±1.2","25,088","±946","231,592","±4,199","33.3%","±0.6","20,391","±312"
"        With Supplemental Security Income (SSI)","2,548","±883","5.7%","±2.0","9,280","±1,939","2,909","±796","6.4%","±1.7","11,131","±1,750","4,694","±1,172","7.1%","±1.7","9,970","±1,345","2,463","±730","4.6%","±1.4","10,597","±1,569","782","±294","2.5%","±1.0","11,606","±2,355","3,097","±799","6.9%","±1.8","10,719","±1,861","12,868","±1,741","7.7%","±1.0","11,032","±1,170","1,655","±591","4.1%","±1.5","10,171","±2,672","6,180","±1,127","5.3%","±1.0","10,039","±1,008","1,651","±509","7.0%","±2.2","10,803","±1,235","3,011","±842","4.9%","±1.3","10,433","±1,169","5,766","±1,289","5.5%","±1.2","9,514","±1,348","11,336","±1,752","4.5%","±0.7","9,903","±955","1,820","±518","5.3%","±1.5","10,080","±1,768","2,262","±660","5.8%","±1.7","11,796","±1,591","2,160","±610","2.9%","±0.8","10,871","±1,746","20,644","±2,442","5.8%","±0.7","11,177","±978","1,281","±486","4.7%","±1.8","12,822","±2,505","1,523","±507","4.3%","±1.4","8,481","±1,266","2,866","±732","4.7%","±1.2","11,704","±2,111","1,552","±522","6.5%","±2.2","10,375","±1,727","3,245","±779","4.8%","±1.1","11,524","±1,430","22,726","±2,218","4.3%","±0.4","10,598","±799","5,015","±1,246","4.6%","±1.1","10,536","±1,769","7,080","±1,299","8.8%","±1.6","10,291","±1,015","3,520","±735","5.3%","±1.1","10,276","±1,120","1,358","±509","4.8%","±1.8","11,653","±1,390","1,238","±431","4.4%","±1.6","9,117","±1,140","4,729","±1,180","3.2%","±0.8","12,604","±1,358","57,081","±3,483","8.2%","±0.5","10,392","±438"
"        With cash public assistance income or Food Stamps/SNAP","4,826","±1,011","10.9%","±2.3","(X)","(X)","5,829","±1,096","12.8%","±2.4","(X)","(X)","9,666","±1,617","14.7%","±2.3","(X)","(X)","7,141","±1,279","13.4%","±2.4","(X)","(X)","2,476","±734","8.0%","±2.4","(X)","(X)","5,022","±1,085","11.1%","±2.3","(X)","(X)","31,547","±2,503","18.8%","±1.5","(X)","(X)","4,273","±1,186","10.7%","±2.9","(X)","(X)","17,673","±2,114","15.3%","±1.9","(X)","(X)","3,445","±679","14.6%","±2.9","(X)","(X)","9,516","±1,528","15.4%","±2.4","(X)","(X)","13,607","±1,759","12.9%","±1.6","(X)","(X)","32,642","±3,045","12.9%","±1.2","(X)","(X)","3,814","±831","11.1%","±2.4","(X)","(X)","6,098","±1,212","15.7%","±3.0","(X)","(X)","4,665","±838","6.2%","±1.1","(X)","(X)","54,400","±3,508","15.2%","±1.0","(X)","(X)","2,483","±675","9.1%","±2.5","(X)","(X)","4,355","±1,063","12.3%","±3.0","(X)","(X)","7,306","±1,150","11.9%","±1.8","(X)","(X)","3,159","±673","13.3%","±2.8","(X)","(X)","12,304","±1,522","18.2%","±2.2","(X)","(X)","55,827","±3,658","10.5%","±0.7","(X)","(X)","10,271","±1,958","9.3%","±1.8","(X)","(X)","16,970","±1,833","21.2%","±2.2","(X)","(X)","10,773","±1,414","16.2%","±2.0","(X)","(X)","4,298","±749","15.2%","±2.6","(X)","(X)","4,253","±957","14.9%","±3.1","(X)","(X)","14,374","±2,048","9.6%","±1.4","(X)","(X)","172,246","±5,437","24.8%","±0.8","(X)","(X)"
"            With cash public assistance","2,062","±748","4.6%","±1.7","5,658","±1,676","1,797","±626","4.0%","±1.4","3,732","±1,469","1,937","±755","2.9%","±1.1","5,994","±3,280","1,735","±832","3.2%","±1.5","5,179","±1,905","690","±372","2.2%","±1.2","3,356","±1,038","1,709","±614","3.8%","±1.3","4,899","±1,616","5,240","±1,027","3.1%","±0.6","4,465","±1,759","1,457","±880","3.6%","±2.2","7,414","±2,526","6,332","±1,451","5.5%","±1.3","3,552","±1,204","396","±193","1.7%","±0.8","4,482","±2,897","1,849","±631","3.0%","±1.0","3,505","±1,410","3,885","±1,047","3.7%","±1.0","4,712","±1,375","9,882","±1,712","3.9%","±0.7","4,961","±1,095","730","±337","2.1%","±1.0","7,101","±2,955","1,586","±599","4.1%","±1.5","4,964","±2,315","2,047","±597","2.7%","±0.8","6,197","±1,590","16,026","±1,804","4.5%","±0.5","5,793","±854","517","±282","1.9%","±1.0","1,656","±1,648","1,055","±421","3.0%","±1.2","5,871","±3,089","1,858","±659","3.0%","±1.1","8,795","±3,165","849","±313","3.6%","±1.3","2,501","±1,208","2,305","±724","3.4%","±1.1","3,174","±1,378","17,190","±2,060","3.2%","±0.4","6,632","±728","4,419","±1,376","4.0%","±1.2","6,311","±1,702","3,171","±937","4.0%","±1.2","6,153","±2,257","2,130","±758","3.2%","±1.1","4,757","±1,154","968","±368","3.4%","±1.3","5,663","±3,383","860","±387","3.0%","±1.3","4,754","±2,562","4,471","±1,013","3.0%","±0.7","4,510","±1,286","32,091","±2,741","4.6%","±0.4","5,439","±728"
"        With retirement income","11,618","±1,272","26.1%","±2.8","23,882","±2,796","14,577","±1,197","32.0%","±2.7","21,828","±2,853","19,953","±1,321","30.3%","±2.1","26,476","±3,417","14,611","±1,173","27.3%","±2.2","25,339","±2,214","10,939","±903","35.3%","±2.9","26,816","±3,187","14,827","±1,397","32.8%","±3.2","28,090","±2,587","53,568","±2,619","31.9%","±1.5","22,973","±1,691","12,658","±1,227","31.6%","±3.0","29,613","±5,809","28,325","±1,929","24.5%","±1.6","26,659","±3,104","7,342","±826","31.2%","±3.3","21,210","±2,351","17,889","±1,255","28.9%","±2.1","25,330","±4,973","28,018","±2,167","26.5%","±2.0","27,499","±3,774","54,572","±2,731","21.6%","±1.1","25,510","±2,423","10,026","±1,083","29.1%","±3.1","24,411","±2,003","13,684","±1,089","35.1%","±2.8","22,629","±2,138","23,512","±1,509","31.2%","±1.9","29,688","±3,431","96,324","±3,821","26.9%","±1.0","21,897","±866","9,684","±888","35.5%","±3.1","26,255","±3,464","11,706","±1,022","33.0%","±2.9","30,751","±3,760","19,861","±1,563","32.3%","±2.4","31,013","±7,814","6,716","±826","28.3%","±3.4","18,810","±2,615","17,967","±1,349","26.5%","±2.0","21,298","±2,448","135,908","±4,154","25.6%","±0.8","31,214","±2,583","27,212","±1,764","24.7%","±1.6","25,118","±2,297","24,998","±1,845","31.2%","±2.3","21,637","±1,887","20,134","±1,261","30.4%","±2.0","22,545","±2,321","8,222","±841","29.1%","±3.2","21,692","±2,824","7,509","±756","26.4%","±3.0","22,780","±4,272","37,018","±1,818","24.8%","±1.3","35,134","±3,665","177,465","±4,209","25.5%","±0.6","23,595","±1,052"
"        With other types of income","5,172","±852","11.6%","±1.8","11,527","±1,919","9,193","±1,435","20.2%","±3.1","16,548","±2,643","9,390","±1,338","14.3%","±2.0","15,223","±2,025","9,568","±1,356","17.9%","±2.5","12,711","±1,930","5,062","±935","16.4%","±3.0","14,205","±2,063","6,854","±951","15.2%","±2.1","13,695","±2,533","31,016","±2,777","18.5%","±1.6","13,783","±1,206","5,996","±1,011","15.0%","±2.5","14,736","±3,114","20,509","±2,276","17.7%","±1.9","13,535","±1,445","4,057","±728","17.2%","±3.0","11,993","±2,171","13,212","±1,711","21.3%","±2.6","10,856","±1,199","16,696","±2,319","15.8%","±2.2","14,442","±2,348","42,626","±3,189","16.8%","±1.2","13,790","±1,112","6,567","±1,080","19.1%","±3.1","12,259","±1,813","8,475","±1,059","21.8%","±2.7","13,721","±2,531","13,795","±1,359","18.3%","±1.8","16,565","±2,196","69,533","±3,555","19.4%","±1.0","13,278","±788","3,670","±655","13.4%","±2.4","16,133","±2,372","6,171","±996","17.4%","±2.8","13,870","±2,355","9,166","±1,197","14.9%","±1.9","13,657","±1,980","4,210","±752","17.7%","±3.1","11,764","±2,659","10,057","±1,683","14.9%","±2.4","14,578","±2,205","87,768","±4,530","16.5%","±0.8","13,746","±641","16,779","±2,156","15.2%","±1.9","12,636","±2,850","12,649","±1,618","15.8%","±2.0","12,689","±2,072","13,017","±1,360","19.6%","±1.9","12,640","±1,490","5,110","±925","18.1%","±3.3","16,050","±4,668","4,660","±930","16.4%","±3.2","12,906","±2,268","24,905","±2,355","16.7%","±1.5","14,278","±1,914","136,517","±6,054","19.6%","±0.8","13,000","±478"
"FAMILY INCOME BY NUMBER OF WORKERS IN FAMILY","","","","","","","","","","","","","","","","","","","","","","","","","","","","","","","","","","","","","","","","","","","","","","","","","","","","","","","","","","","","","","","","","","","","","","","","","","","","","","","","","","","","","","","","","","","","","","","","","","","","","","","","","","","","","","","","","","","","","","","","","","","","","","","","","","","","","","","","","","","","","","","","","","","","","","","","","","","","","","","","","","","","","","","","","","","","","","","","","","","",""
"    All families","33,300","±1,695","33,300","±1,695","99,291","±7,071","25,920","±1,693","25,920","±1,693","93,370","±12,177","40,515","±1,795","40,515","±1,795","105,526","±7,374","34,400","±1,992","34,400","±1,992","92,208","±8,241","21,366","±1,028","21,366","±1,028","112,403","±8,856","28,191","±1,455","28,191","±1,455","103,322","±6,256","101,965","±3,528","101,965","±3,528","86,180","±4,114","25,516","±1,975","25,516","±1,975","98,238","±9,773","60,914","±3,295","60,914","±3,295","102,938","±6,968","15,505","±1,167","15,505","±1,167","82,111","±5,578","38,561","±2,092","38,561","±2,092","96,329","±7,470","59,582","±2,764","59,582","±2,764","99,693","±4,548","165,012","±3,697","165,012","±3,697","111,516","±4,102","24,375","±1,256","24,375","±1,256","95,077","±4,849","25,439","±1,451","25,439","±1,451","91,192","±6,914","55,320","±1,559","55,320","±1,559","129,376","±7,589","229,647","±4,297","229,647","±4,297","100,453","±2,991","15,785","±1,363","15,785","±1,363","86,768","±4,757","22,988","±1,341","22,988","±1,341","108,801","±9,749","40,168","±1,978","40,168","±1,978","96,484","±5,401","16,648","±1,218","16,648","±1,218","73,814","±5,004","45,614","±2,094","45,614","±2,094","79,765","±4,518","337,314","±5,406","337,314","±5,406","143,644","±3,166","77,484","±2,565","77,484","±2,565","120,910","±9,376","48,275","±2,558","48,275","±2,558","77,851","±4,324","44,970","±2,008","44,970","±2,008","87,299","±5,017","18,098","±1,054","18,098","±1,054","79,597","±5,270","19,726","±1,460","19,726","±1,460","85,142","±5,459","84,934","±2,686","84,934","±2,686","145,195","±6,335","420,623","±6,465","420,623","±6,465","92,369","±2,065"
"        No workers","5,173","±839","15.5%","±2.3","64,096","±11,173","5,380","±851","20.8%","±3.2","54,383","±6,919","8,596","±1,220","21.2%","±2.8","75,328","±19,677","6,542","±876","19.0%","±2.5","57,437","±6,272","4,427","±680","20.7%","±2.8","65,958","±7,184","4,660","±697","16.5%","±2.5","78,876","±19,559","23,310","±1,915","22.9%","±1.8","55,620","±6,266","4,804","±987","18.8%","±3.7","N","N","10,364","±1,431","17.0%","±2.0","60,074","±6,580","3,561","±554","23.0%","±3.4","49,918","±6,511","6,956","±831","18.0%","±1.9","53,395","±5,340","9,635","±1,391","16.2%","±2.2","61,746","±6,516","21,328","±2,017","12.9%","±1.1","64,919","±7,887","5,090","±832","20.9%","±3.2","59,732","±6,206","4,658","±825","18.3%","±3.0","51,958","±6,719","8,873","±924","16.0%","±1.6","73,474","±10,773","35,825","±2,190","15.6%","±1.0","54,811","±3,395","3,519","±626","22.3%","±3.4","74,029","±8,877","4,790","±758","20.8%","±3.1","74,510","±12,954","8,674","±1,102","21.6%","±2.5","65,935","±9,276","3,387","±614","20.3%","±3.7","37,717","±4,772","9,769","±1,288","21.4%","±2.7","57,147","±9,986","49,194","±2,448","14.6%","±0.7","70,169","±5,985","12,811","±1,417","16.5%","±1.7","68,308","±9,261","11,786","±1,457","24.4%","±2.9","40,647","±4,910","9,065","±1,022","20.2%","±2.1","51,290","±5,154","3,552","±611","19.6%","±3.2","52,267","±5,953","3,936","±741","20.0%","±3.5","46,967","±8,858","11,394","±1,393","13.4%","±1.6","91,409","±12,276","78,472","±4,108","18.7%","±0.9","47,089","±3,217"
"        1 worker","11,427","±1,255","34.3%","±3.4","69,591","±7,582","6,684","±1,252","25.8%","±4.2","65,219","±7,582","12,684","±1,449","31.3%","±3.3","78,561","±10,681","10,977","±1,704","31.9%","±4.4","61,090","±6,502","5,463","±915","25.6%","±4.2","86,119","±18,394","9,488","±1,390","33.7%","±4.6","86,871","±9,569","33,469","±2,789","32.8%","±2.5","68,053","±7,080","8,211","±1,433","32.2%","±4.9","N","N","18,853","±2,014","31.0%","±2.7","76,246","±5,862","4,915","±929","31.7%","±5.1","64,634","±7,568","13,026","±1,628","33.8%","±3.7","61,062","±6,392","19,433","±2,234","32.6%","±3.4","72,348","±7,818","48,931","±3,055","29.7%","±1.8","87,939","±8,503","5,969","±869","24.5%","±3.5","76,221","±8,711","8,736","±1,451","34.3%","±5.2","70,824","±8,652","14,301","±1,494","25.9%","±2.6","100,820","±7,400","73,780","±3,953","32.1%","±1.5","74,690","±4,955","5,168","±971","32.7%","±5.5","64,781","±7,847","7,696","±1,487","33.5%","±5.6","89,884","±20,255","12,423","±1,766","30.9%","±3.9","76,858","±6,261","5,974","±986","35.9%","±5.2","55,967","±5,479","14,964","±1,692","32.8%","±3.2","54,331","±4,449","108,142","±4,353","32.1%","±1.2","115,076","±5,525","17,011","±1,969","22.0%","±2.6","89,632","±12,122","15,628","±2,001","32.4%","±3.6","53,954","±5,031","14,718","±1,594","32.7%","±3.4","61,601","±4,914","6,536","±862","36.1%","±4.4","63,697","±7,943","6,138","±1,033","31.1%","±4.3","61,089","±7,859","25,955","±2,411","30.6%","±2.6","114,583","±11,960","155,316","±5,448","36.9%","±1.2","67,811","±3,051"
"        2 workers, both spouses worked","11,358","±1,491","34.1%","±3.8","114,836","±6,268","9,038","±1,264","34.9%","±4.5","126,340","±33,093","11,246","±1,128","27.8%","±2.8","145,401","±14,024","10,131","±1,552","29.5%","±4.0","129,778","±20,205","7,710","±1,147","36.1%","±5.1","145,271","±22,052","9,287","±1,217","32.9%","±3.7","122,292","±11,145","25,699","±2,859","25.2%","±2.6","116,846","±7,208","7,811","±1,266","30.6%","±4.4","N","N","20,293","±1,733","33.3%","±2.7","145,448","±18,204","4,024","±688","26.0%","±4.0","115,781","±11,317","10,573","±1,343","27.4%","±3.2","145,356","±20,710","19,995","±2,083","33.6%","±3.1","129,877","±7,783","57,227","±3,372","34.7%","±2.0","134,017","±7,031","7,718","±1,088","31.7%","±4.1","110,647","±11,236","7,725","±1,145","30.4%","±4.3","113,645","±9,800","19,811","±1,512","35.8%","±2.6","157,412","±18,094","61,323","±3,468","26.7%","±1.4","129,501","±6,209","4,270","±868","27.1%","±4.6","114,740","±13,269","6,235","±898","27.1%","±3.9","151,259","±15,938","11,540","±1,616","28.7%","±3.8","125,878","±8,256","4,607","±805","27.7%","±4.1","100,756","±8,597","11,403","±1,359","25.0%","±2.9","105,995","±9,661","109,157","±3,680","32.4%","±1.0","188,369","±6,061","29,246","±2,686","37.7%","±3.2","154,254","±19,996","12,382","±1,607","25.6%","±3.0","116,934","±9,883","10,749","±1,391","23.9%","±2.8","124,840","±16,186","5,375","±799","29.7%","±3.8","101,457","±9,219","5,601","±918","28.4%","±4.4","115,880","±11,597","30,290","±2,046","35.7%","±2.1","183,391","±11,727","85,897","±3,011","20.4%","±0.7","145,751","±5,730"
"        2 workers, other","1,807","±647","5.4%","±1.9","88,314","±13,443","2,567","±716","9.9%","±2.6","98,697","±11,687","3,723","±820","9.2%","±1.9","93,999","±18,269","3,541","±953","10.3%","±2.7","75,649","±10,137","1,710","±567","8.0%","±2.6","92,586","±10,396","2,405","±722","8.5%","±2.5","97,472","±19,824","9,795","±1,649","9.6%","±1.6","76,912","±8,325","2,301","±912","9.0%","±3.6","N","N","6,226","±1,277","10.2%","±2.0","81,979","±10,503","1,087","±365","7.0%","±2.3","85,841","±18,126","3,274","±894","8.5%","±2.3","94,902","±16,530","5,204","±1,229","8.7%","±2.0","104,631","±18,964","14,154","±2,122","8.6%","±1.3","89,355","±9,581","2,746","±928","11.3%","±3.7","96,369","±16,177","2,106","±557","8.3%","±2.2","111,103","±17,650","4,646","±963","8.4%","±1.7","121,253","±14,680","25,980","±2,294","11.3%","±1.0","98,548","±6,247","1,421","±587","9.0%","±3.8","87,068","±9,096","1,926","±513","8.4%","±2.3","108,028","±25,789","3,151","±864","7.8%","±2.1","74,078","±9,610","1,262","±517","7.6%","±2.9","93,285","±26,551","3,896","±855","8.5%","±1.9","73,646","±11,952","32,090","±2,847","9.5%","±0.8","124,514","±8,624","6,259","±1,503","8.1%","±1.8","108,468","±21,673","4,209","±930","8.7%","±1.9","90,003","±20,280","4,543","±941","10.1%","±2.1","85,133","±8,000","1,254","±440","6.9%","±2.4","85,116","±23,035","1,647","±514","8.3%","±2.6","83,905","±28,597","7,729","±1,261","9.1%","±1.5","133,209","±21,416","53,395","±3,783","12.7%","±0.9","87,495","±4,385"
"        3 or more workers, both spouses worked","2,645","±742","7.9%","±2.3","167,000","±25,754","1,620","±524","6.3%","±2.0","151,991","±24,945","3,552","±749","8.8%","±1.8","163,184","±26,143","2,342","±773","6.8%","±2.3","165,266","±32,869","1,992","±491","9.3%","±2.3","177,138","±33,376","1,660","±486","5.9%","±1.7","150,424","±18,213","7,216","±1,254","7.1%","±1.2","167,053","±28,967","2,049","±724","8.0%","±2.8","N","N","4,162","±952","6.8%","±1.6","153,882","±15,832","1,313","±423","8.5%","±2.7","131,585","±14,052","4,316","±965","11.2%","±2.5","146,528","±23,016","4,347","±1,066","7.3%","±1.8","158,968","±22,925","18,210","±2,031","11.0%","±1.2","172,404","±16,263","2,672","±592","11.0%","±2.3","153,959","±13,540","1,816","±504","7.1%","±1.9","164,915","±45,434","6,636","±1,030","12.0%","±1.8","188,931","±15,190","25,009","±2,384","10.9%","±1.0","163,324","±8,631","933","±487","5.9%","±3.0","122,428","±16,314","1,895","±514","8.2%","±2.2","139,179","±19,412","3,822","±860","9.5%","±2.2","152,165","±12,935","922","±339","5.5%","±2.0","137,139","±20,472","4,173","±1,060","9.1%","±2.3","137,486","±21,290","30,598","±2,352","9.1%","±0.7","214,111","±12,015","10,009","±1,514","12.9%","±1.9","151,853","±10,800","3,638","±873","7.5%","±1.8","150,173","±16,091","4,475","±957","10.0%","±2.0","147,038","±11,597","1,213","±313","6.7%","±1.7","140,525","±26,501","1,952","±554","9.9%","±2.7","146,544","±17,599","7,736","±1,148","9.1%","±1.3","191,910","±18,153","31,273","±2,736","7.4%","±0.6","174,778","±10,711"
"        3 or more workers, other","890","±443","2.7%","±1.3","307,878","±194,965","631","±491","2.4%","±1.9","79,547","±36,158","714","±326","1.8%","±0.8","93,351","±25,012","867","±362","2.5%","±1.1","179,820","±69,601","64","±65","0.3%","±0.3","123,792","±69,443","691","±347","2.5%","±1.2","146,303","±34,718","2,476","±1,027","2.4%","±1.0","101,606","±14,938","340","±424","1.3%","±1.7","N","N","1,016","±492","1.7%","±0.8","106,139","±22,420","605","±494","3.9%","±3.2","75,564","±9,919","416","±341","1.1%","±0.9","162,852","±127,848","968","±443","1.6%","±0.7","110,115","±44,408","5,162","±1,573","3.1%","±0.9","124,060","±18,523","180","±132","0.7%","±0.5","158,487","±64,598","398","±257","1.6%","±1.0","119,871","±32,485","1,053","±461","1.9%","±0.8","121,316","±30,604","7,730","±1,428","3.4%","±0.6","130,426","±9,472","474","±312","3.0%","±2.0","97,989","±16,887","446","±300","1.9%","±1.3","84,247","±67,654","558","±315","1.4%","±0.8","145,514","±48,273","496","±306","3.0%","±1.9","117,749","±33,717","1,409","±677","3.1%","±1.5","140,381","±37,819","8,133","±1,560","2.4%","±0.5","178,039","±32,966","2,148","±698","2.8%","±0.9","120,414","±17,678","632","±318","1.3%","±0.7","99,628","±24,228","1,420","±519","3.2%","±1.2","118,016","±13,635","168","±151","0.9%","±0.8","95,486","±31,997","452","±296","2.3%","±1.5","102,635","±13,584","1,830","±700","2.2%","±0.8","135,189","±24,872","16,270","±2,134","3.9%","±0.5","120,957","±10,946"
"PER CAPITA INCOME BY RACE AND HISPANIC OR LATINO ORIGIN","","","","","","","","","","","","","","","","","","","","","","","","","","","","","","","","","","","","","","","","","","","","","","","","","","","","","","","","","","","","","","","","","","","","","","","","","","","","","","","","","","","","","","","","","","","","","","","","","","","","","","","","","","","","","","","","","","","","","","","","","","","","","","","","","","","","","","","","","","","","","","","","","","","","","","","","","","","","","","","","","","","","","","","","","","","","","","","","","","","",""
"    Total population","120,950","*****","120,950","*****","34,191","±2,079","102,985","*****","102,985","*****","32,398","±2,815","153,101","*****","153,101","*****","37,518","±2,376","133,819","*****","133,819","*****","31,145","±2,108","79,426","*****","79,426","*****","37,654","±2,577","108,944","*****","108,944","*****","36,194","±1,682","404,208","*****","404,208","*****","30,012","±1,160","95,860","*****","95,860","*****","36,626","±3,248","284,034","*****","284,034","*****","33,069","±1,397","67,197","*****","67,197","*****","27,317","±1,576","160,050","*****","160,050","*****","31,979","±2,095","261,108","*****","261,108","*****","32,618","±1,037","658,046","*****","658,046","*****","36,714","±1,145","88,513","*****","88,513","*****","33,694","±2,021","98,956","*****","98,956","*****","30,759","±1,944","195,014","*****","195,014","*****","44,575","±2,431","876,792","*****","876,792","*****","35,213","±808","66,103","*****","66,103","*****","29,737","±2,123","83,457","*****","83,457","*****","38,839","±2,512","155,274","*****","155,274","*****","33,767","±1,834","67,220","*****","67,220","*****","24,924","±1,465","176,511","*****","176,511","*****","27,278","±1,278","1,270,017","*****","1,270,017","*****","49,998","±890","299,157","*****","299,157","*****","37,184","±2,119","189,591","*****","189,591","*****","28,092","±1,356","160,053","*****","160,053","*****","32,292","±1,514","67,877","*****","67,877","*****","28,495","±1,466","75,658","*****","75,658","*****","28,101","±1,606","369,390","*****","369,390","*****","46,033","±1,387","1,774,816","*****","1,774,816","*****","30,788","±611"
"        One race--","","","","","","","","","","","","","","","","","","","","","","","","","","","","","","","","","","","","","","","","","","","","","","","","","","","","","","","","","","","","","","","","","","","","","","","","","","","","","","","","","","","","","","","","","","","","","","","","","","","","","","","","","","","","","","","","","","","","","","","","","","","","","","","","","","","","","","","","","","","","","","","","","","","","","","","","","","","","","","","","","","","","","","","","","","","","","","","","","","","",""
"            White","106,373","±1,306","87.9%","±1.1","35,915","±2,405","92,340","±842","89.7%","±0.8","33,558","±3,059","113,356","±1,127","74.0%","±0.7","40,180","±2,502","103,154","±1,343","77.1%","±1.0","33,872","±2,379","71,532","±837","90.1%","±1.1","38,729","±2,710","89,311","±1,186","82.0%","±1.1","39,084","±2,086","294,453","±2,328","72.8%","±0.6","33,266","±1,653","89,416","±855","93.3%","±0.9","37,624","±3,497","196,244","±2,155","69.1%","±0.8","36,497","±1,798","59,694","±725","88.8%","±1.1","29,197","±1,761","132,702","±1,749","82.9%","±1.1","35,294","±2,460","200,212","±2,162","76.7%","±0.8","35,519","±1,249","477,028","±3,604","72.5%","±0.5","41,563","±1,327","81,083","±968","91.6%","±1.1","34,995","±2,158","85,219","±1,099","86.1%","±1.1","32,256","±2,249","182,386","±1,549","93.5%","±0.8","45,315","±2,626","662,467","±5,178","75.6%","±0.6","38,069","±1,038","60,054","±963","90.8%","±1.5","30,450","±2,256","74,136","±1,227","88.8%","±1.5","40,121","±2,770","139,062","±1,086","89.6%","±0.7","35,066","±1,997","61,401","±803","91.3%","±1.2","25,750","±1,503","133,669","±1,512","75.7%","±0.9","30,640","±1,776","883,657","±4,720","69.6%","±0.4","53,833","±1,213","251,541","±3,137","84.1%","±1.0","39,078","±2,432","130,968","±1,652","69.1%","±0.9","32,091","±1,568","145,882","±1,060","91.1%","±0.7","32,825","±1,623","63,943","±675","94.2%","±1.0","29,128","±1,482","60,277","±1,182","79.7%","±1.6","30,285","±1,869","258,346","±2,173","69.9%","±0.6","50,617","±1,875","876,888","±4,510","49.4%","±0.3","38,439","±1,067"
"            Black or African American","1,586","±584","1.3%","±0.5","26,292","±8,495","1,748","±1,232","1.7%","±1.2","10,003","±5,182","21,861","±1,109","14.3%","±0.7","22,643","±6,323","11,239","±1,745","8.4%","±1.3","28,192","±6,198","803","±398","1.0%","±0.5","34,965","±10,081","7,568","±1,013","6.9%","±0.9","22,384","±5,219","80,041","±2,347","19.8%","±0.6","21,137","±1,953","902","±333","0.9%","±0.3","17,501","±8,029","32,601","±2,534","11.5%","±0.9","23,932","±4,428","2,409","±657","3.6%","±1.0","3,913","±3,560","13,139","±1,199","8.2%","±0.7","12,000","±2,836","28,192","±2,067","10.8%","±0.8","22,286","±3,633","65,123","±3,012","9.9%","±0.5","22,624","±2,681","1,263","±246","1.4%","±0.3","2,096","±2,144","2,547","±563","2.6%","±0.6","11,909","±5,273","414","±375","0.2%","±0.2","N","N","111,476","±2,646","12.7%","±0.3","25,616","±1,792","1,111","±184","1.7%","±0.3","14,005","±8,585","1,456","±178","1.7%","±0.2","22,401","±14,702","3,104","±965","2.0%","±0.6","22,892","±9,619","1,705","±412","2.5%","±0.6","N","N","23,550","±1,162","13.3%","±0.7","14,912","±2,828","165,580","±4,591","13.0%","±0.4","36,244","±2,389","5,100","±1,091","1.7%","±0.4","20,107","±12,064","36,089","±1,756","19.0%","±0.9","16,821","±2,917","3,372","±792","2.1%","±0.5","30,944","±10,091","394","±179","0.6%","±0.3","20,036","±16,198","2,267","±380","3.0%","±0.5","16,942","±4,801","40,384","±2,206","10.9%","±0.6","28,479","±3,248","657,178","±6,410","37.0%","±0.4","22,191","±661"
"            American Indian and Alaska Native","567","±300","0.5%","±0.2","35,990","±10,547","159","±205","0.2%","±0.2","N","N","311","±221","0.2%","±0.1","N","N","475","±239","0.4%","±0.2","22,986","±9,543","326","±198","0.4%","±0.2","36,396","±11,691","236","±175","0.2%","±0.2","29,575","±14,671","1,215","±598","0.3%","±0.1","20,118","±8,964","891","±669","0.9%","±0.7","23,436","±30,641","1,579","±919","0.6%","±0.3","34,784","±12,606","37","±53","0.1%","±0.1","N","N","332","±215","0.2%","±0.1","N","N","507","±416","0.2%","±0.2","21,483","±24,702","2,655","±1,263","0.4%","±0.2","19,683","±9,814","882","±940","1.0%","±1.1","28,052","±11,248","143","±197","0.1%","±0.2","N","N","800","±548","0.4%","±0.3","30,090","±13,267","3,104","±1,706","0.4%","±0.2","19,749","±11,945","843","±357","1.3%","±0.5","16,386","±12,072","268","±191","0.3%","±0.2","37,715","±17,559","231","±209","0.1%","±0.1","N","N","81","±81","0.1%","±0.1","N","N","1,424","±579","0.8%","±0.3","10,596","±4,968","2,441","±753","0.2%","±0.1","36,807","±13,721","1,489","±1,372","0.5%","±0.5","29,487","±6,764","1,207","±1,446","0.6%","±0.8","N","N","148","±114","0.1%","±0.1","N","N","343","±329","0.5%","±0.5","N","N","1,087","±1,135","1.4%","±1.5","N","N","879","±405","0.2%","±0.1","N","N","6,841","±2,308","0.4%","±0.1","23,162","±7,262"
"            Asian","1,113","±249","0.9%","±0.2","16,983","±12,930","309","±424","0.3%","±0.4","N","N","2,531","±596","1.7%","±0.4","43,560","±17,157","3,842","±491","2.9%","±0.4","27,502","±16,935","1,413","±304","1.8%","±0.4","21,448","±13,275","1,566","±1,082","1.4%","±1.0","21,770","±15,163","4,277","±844","1.1%","±0.2","31,854","±15,356","433","±250","0.5%","±0.3","29,579","±9,480","16,010","±1,209","5.6%","±0.4","38,146","±6,858","297","±447","0.4%","±0.7","N","N","981","±300","0.6%","±0.2","33,213","±15,797","6,422","±1,215","2.5%","±0.5","35,150","±9,183","20,239","±1,573","3.1%","±0.2","40,793","±9,761","154","±135","0.2%","±0.2","N","N","455","±210","0.5%","±0.2","88,765","±67,010","1,327","±389","0.7%","±0.2","40,784","±8,430","41,235","±1,789","4.7%","±0.2","31,289","±2,992","500","±159","0.8%","±0.2","21,284","±12,165","1,933","±436","2.3%","±0.5","32,262","±14,179","937","±429","0.6%","±0.3","27,703","±16,474","19","±37","0.0%","±0.1","N","N","923","±287","0.5%","±0.2","26,090","±7,623","100,968","±2,674","8.0%","±0.2","58,605","±4,233","8,769","±791","2.9%","±0.3","30,152","±5,964","2,263","±494","1.2%","±0.3","48,839","±34,875","1,217","±673","0.8%","±0.4","45,583","±26,394","354","±211","0.5%","±0.3","10,527","±7,357","540","±198","0.7%","±0.3","53,306","±26,053","33,125","±1,199","9.0%","±0.3","48,284","±5,617","61,037","±2,501","3.4%","±0.1","42,893","±3,290"
"            Native Hawaiian and Other Pacific Islander","0","±181","0.0%","±0.1","N","N","0","±181","0.0%","±0.1","N","N","100","±169","0.1%","±0.1","N","N","0","±181","0.0%","±0.1","N","N","91","±105","0.1%","±0.1","N","N","0","±181","0.0%","±0.1","N","N","0","±181","0.0%","±0.1","N","N","0","±181","0.0%","±0.1","N","N","34","±58","0.0%","±0.1","N","N","0","±181","0.0%","±0.2","N","N","0","±181","0.0%","±0.1","N","N","192","±226","0.1%","±0.1","N","N","50","±72","0.0%","±0.1","N","N","0","±181","0.0%","±0.2","N","N","26","±55","0.0%","±0.1","N","N","0","±181","0.0%","±0.1","N","N","156","±154","0.0%","±0.1","N","N","0","±181","0.0%","±0.2","N","N","0","±181","0.0%","±0.2","N","N","0","±181","0.0%","±0.1","N","N","0","±181","0.0%","±0.2","N","N","36","±62","0.0%","±0.1","N","N","403","±259","0.0%","±0.1","11,680","±5,270","195","±209","0.1%","±0.1","N","N","154","±243","0.1%","±0.1","N","N","0","±181","0.0%","±0.1","N","N","0","±181","0.0%","±0.2","N","N","0","±181","0.0%","±0.2","N","N","156","±270","0.0%","±0.1","N","N","300","±173","0.0%","±0.1","27,271","±15,173"
"            Some other race","2,608","±990","2.2%","±0.8","24,950","±5,930","508","±315","0.5%","±0.3","14,076","±7,802","5,178","±1,583","3.4%","±1.0","42,147","±41,899","2,541","±1,609","1.9%","±1.2","15,925","±6,719","942","±624","1.2%","±0.8","19,509","±7,773","1,491","±933","1.4%","±0.9","23,373","±5,734","3,675","±1,550","0.9%","±0.4","26,034","±13,310","709","±612","0.7%","±0.6","N","N","7,362","±2,413","2.6%","±0.8","27,142","±7,440","731","±645","1.1%","±1.0","N","N","1,027","±602","0.6%","±0.4","20,614","±9,455","6,776","±2,486","2.6%","±1.0","13,993","±4,489","25,596","±3,862","3.9%","±0.6","27,952","±4,591","773","±631","0.9%","±0.7","13,291","±4,809","2,433","±1,118","2.5%","±1.1","28,983","±7,948","1,517","±730","0.8%","±0.4","28,384","±8,998","9,297","±2,193","1.1%","±0.3","30,714","±6,378","173","±175","0.3%","±0.3","N","N","1,194","±767","1.4%","±0.9","13,662","±4,356","1,339","±841","0.9%","±0.5","N","N","1,237","±685","1.8%","±1.0","21,461","±11,033","2,019","±986","1.1%","±0.6","28,654","±12,489","20,802","±3,312","1.6%","±0.3","35,428","±5,300","10,388","±3,765","3.5%","±1.3","32,702","±29,698","5,675","±1,606","3.0%","±0.8","21,324","±6,780","2,026","±757","1.3%","±0.5","35,481","±16,287","713","±516","1.1%","±0.8","8,630","±6,463","3,016","±1,577","4.0%","±2.1","16,692","±5,794","6,768","±1,544","1.8%","±0.4","23,660","±5,110","49,176","±5,572","2.8%","±0.3","17,271","±2,300"
"        Two or more races","8,703","±1,555","7.2%","±1.3","19,415","±3,116","7,921","±1,539","7.7%","±1.5","24,897","±6,934","9,764","±1,779","6.4%","±1.2","36,923","±11,011","12,568","±2,329","9.4%","±1.7","15,897","±5,387","4,319","±898","5.4%","±1.1","30,133","±11,930","8,772","±1,966","8.1%","±1.8","23,622","±6,477","20,547","±3,119","5.1%","±0.8","18,862","±3,391","3,509","±950","3.7%","±1.0","22,061","±6,735","30,204","±3,104","10.6%","±1.1","19,220","±3,177","4,029","±934","6.0%","±1.4","16,985","±4,229","11,869","±2,114","7.4%","±1.3","18,559","±5,612","18,807","±3,706","7.2%","±1.4","22,726","±5,460","67,355","±5,828","10.2%","±0.9","18,788","±2,106","4,358","±1,150","4.9%","±1.3","17,566","±4,124","8,133","±1,339","8.2%","±1.4","17,935","±3,387","8,570","±1,272","4.4%","±0.7","34,972","±6,960","49,057","±5,875","5.6%","±0.7","23,634","±2,771","3,422","±1,035","5.2%","±1.6","27,791","±6,553","4,470","±1,262","5.4%","±1.5","32,555","±14,700","10,601","±1,496","6.8%","±1.0","20,470","±4,017","2,777","±770","4.1%","±1.1","18,202","±6,477","14,890","±2,203","8.4%","±1.2","18,128","±3,673","96,166","±7,362","7.6%","±0.6","33,053","±2,298","21,675","±3,594","7.2%","±1.2","21,685","±3,944","13,235","±2,859","7.0%","±1.5","20,909","±4,755","7,408","±1,234","4.6%","±0.8","19,651","±5,215","2,130","±560","3.1%","±0.8","15,612","±6,682","8,471","±2,012","11.2%","±2.7","20,745","±5,583","29,732","±3,143","8.0%","±0.9","31,748","±4,161","123,396","±8,928","7.0%","±0.5","22,041","±2,056"
"        Hispanic or Latino origin (of any race)","9,500","*****","7.9%","*****","21,242","±2,499","6,017","*****","5.8%","*****","22,063","±8,268","9,312","*****","6.1%","*****","38,027","±22,971","7,706","*****","5.8%","*****","22,024","±7,380","3,914","*****","4.9%","*****","30,145","±6,950","6,460","*****","5.9%","*****","27,146","±8,284","15,729","*****","3.9%","*****","22,786","±3,777","3,082","*****","3.2%","*****","17,945","±7,198","23,430","*****","8.2%","*****","24,407","±3,473","3,474","*****","5.2%","*****","20,980","±3,619","6,186","*****","3.9%","*****","18,108","±3,739","14,558","*****","5.6%","*****","21,057","±5,447","74,238","*****","11.3%","*****","21,526","±2,014","4,517","*****","5.1%","*****","14,949","±2,938","8,549","*****","8.6%","*****","18,836","±3,306","5,419","*****","2.8%","*****","33,176","±7,181","25,813","*****","2.9%","*****","29,090","±4,034","1,151","*****","1.7%","*****","19,370","±12,178","2,713","*****","3.3%","*****","28,995","±13,557","6,270","*****","4.0%","*****","16,947","±3,089","2,594","*****","3.9%","*****","17,013","±5,830","10,873","*****","6.2%","*****","18,149","±2,879","59,505","*****","4.7%","*****","32,259","±3,192","31,129","*****","10.4%","*****","23,285","±9,182","17,398","*****","9.2%","*****","21,212","±3,994","5,894","*****","3.7%","*****","25,055","±5,519","2,054","*****","3.0%","*****","21,842","±13,642","9,292","*****","12.3%","*****","16,229","±2,976","19,104","*****","5.2%","*****","28,562","±4,990","114,620","*****","6.5%","*****","18,919","±1,187"
"        White alone, not Hispanic or Latino","103,942","±950","85.9%","±0.8","36,326","±2,476","91,403","±472","88.8%","±0.5","33,797","±3,074","112,249","±777","73.3%","±0.5","40,162","±2,531","101,610","±625","75.9%","±0.5","34,233","±2,372","69,992","±560","88.1%","±0.7","38,749","±2,718","87,896","±879","80.7%","±0.8","39,226","±2,111","285,574","±1,636","70.7%","±0.4","33,663","±1,692","87,931","±402","91.7%","±0.4","37,968","±3,523","192,327","±1,657","67.7%","±0.6","36,782","±1,809","58,457","±347","87.0%","±0.5","29,246","±1,761","131,457","±1,636","82.1%","±1.0","35,455","±2,493","196,205","±2,021","75.1%","±0.8","35,763","±1,305","468,126","±3,085","71.1%","±0.5","41,876","±1,362","79,877","±454","90.2%","±0.5","35,284","±2,171","83,546","±693","84.4%","±0.7","32,634","±2,276","179,945","±1,196","92.3%","±0.6","45,563","±2,674","657,719","±4,832","75.0%","±0.6","38,199","±1,048","59,640","±842","90.2%","±1.3","30,592","±2,229","73,461","±1,139","88.0%","±1.4","40,258","±2,796","138,249","±975","89.0%","±0.6","35,164","±2,022","60,180","±631","89.5%","±0.9","26,009","±1,517","131,714","±1,182","74.6%","±0.7","30,870","±1,779","874,271","±4,284","68.8%","±0.3","54,028","±1,221","244,669","±1,450","81.8%","±0.5","39,647","±2,461","127,564","±1,087","67.3%","±0.6","32,142","±1,529","143,842","±765","89.9%","±0.5","33,126","±1,614","63,070","±467","92.9%","±0.7","29,199","±1,475","59,295","±1,037","78.4%","±1.4","30,369","±1,834","252,576","±1,857","68.4%","±0.5","51,201","±1,945","858,629","±3,676","48.4%","±0.2","38,847","±1,073"